_id,x_axis,y_axis,z_axis,target
5f319aede71f4c38d22bdf01,-1.046875,-2.171875,15.515625,0
5f319aede71f4c38d22bdf02,-1.125,-2.15625,15.5625,0
5f319aede71f4c38d22bdf03,-1.296875,-1.984375,15.515625,0
5f319aede71f4c38d22bdf04,-1.171875,-2.296875,15.390625,0
5f319aede71f4c38d22bdf05,-1.234375,-2.234375,15.46875,0
5f319aede71f4c38d22bdf06,-1.15625,-2.375,15.484375,0
5f319aede71f4c38d22bdf07,-1.015625,-2.453125,15.4375,0
5f319aede71f4c38d22bdf08,-1.21875,-2.09375,15.203125,0
5f319aede71f4c38d22bdf09,-1.1875,-2.03125,15.46875,0
5f319aede71f4c38d22bdf0a,-1.453125,-2.203125,15.59375,0
5f319aede71f4c38d22bdf0b,-0.609375,-1.65625,15.65625,0
5f319aede71f4c38d22bdf0c,-1.4375,-2.375,15.390625,0
5f319aeee71f4c38d22bdf0d,-1.65625,-2.390625,15.40625,0
5f319aeee71f4c38d22bdf0e,-0.765625,-1.890625,15.453125,0
5f319aeee71f4c38d22bdf0f,-1.0625,-2.140625,15.515625,0
5f319aeee71f4c38d22bdf10,-1.15625,-2.46875,15.609375,0
5f319aeee71f4c38d22bdf11,-1.203125,-2.046875,15.546875,0
5f319aeee71f4c38d22bdf12,-1.109375,-2.28125,15.4375,0
5f319aeee71f4c38d22bdf13,-1.078125,-2.234375,15.5,0
5f319aeee71f4c38d22bdf14,-1.25,-2.234375,15.546875,0
5f319aeee71f4c38d22bdf15,-1.34375,-2.921875,15.3125,0
5f319aeee71f4c38d22bdf16,-0.953125,-2.359375,15.484375,0
5f319aeee71f4c38d22bdf17,-0.875,-1.96875,15.453125,0
5f319aeee71f4c38d22bdf18,-1.03125,-1.890625,15.5,0
5f319aeee71f4c38d22bdf19,-1.1875,-2.03125,15.40625,0
5f319aeee71f4c38d22bdf1a,-1.234375,-2.046875,15.3125,0
5f319aeee71f4c38d22bdf1b,-1.140625,-2.078125,15.296875,0
5f319aeee71f4c38d22bdf1c,-1.125,-2.015625,15.484375,0
5f319aefe71f4c38d22bdf1d,-1.140625,-1.765625,15.46875,0
5f319aefe71f4c38d22bdf1e,-1.046875,-1.984375,15.5,0
5f319aefe71f4c38d22bdf1f,-0.90625,-2.140625,15.53125,0
5f319aefe71f4c38d22bdf20,-0.9375,-2.046875,15.5625,0
5f319aefe71f4c38d22bdf21,-1.09375,-2.15625,15.34375,0
5f319aefe71f4c38d22bdf22,-1.578125,-2.140625,15.515625,0
5f319aefe71f4c38d22bdf23,-0.75,-1.8125,15.421875,0
5f319aefe71f4c38d22bdf24,-0.34375,-2,15.5,0
5f319aefe71f4c38d22bdf25,-1.28125,-2.234375,15.390625,0
5f319aefe71f4c38d22bdf26,-1.375,-2.421875,15.609375,0
5f319aefe71f4c38d22bdf27,-0.90625,-2.421875,15.546875,0
5f319aefe71f4c38d22bdf28,-1.15625,-2.171875,15.28125,0
5f319aefe71f4c38d22bdf29,-1.15625,-1.609375,15.515625,0
5f319aefe71f4c38d22bdf2a,-1.15625,-1.640625,15.71875,0
5f319aefe71f4c38d22bdf2b,-1.1875,-2.15625,15.484375,0
5f319af0e71f4c38d22bdf2c,-0.953125,-2.125,15.375,0
5f319af0e71f4c38d22bdf2d,-0.84375,-2.046875,15.59375,0
5f319af0e71f4c38d22bdf2e,-1.359375,-2.484375,15.5625,0
5f319af0e71f4c38d22bdf2f,-1.203125,-1.953125,15.3125,0
5f319af0e71f4c38d22bdf30,-0.921875,-1.953125,15.421875,0
5f319af0e71f4c38d22bdf31,-1.015625,-2.25,15.4375,0
5f319af0e71f4c38d22bdf32,-1.046875,-2.078125,15.4375,0
5f319af0e71f4c38d22bdf33,-0.875,-1.96875,15.515625,0
5f319af0e71f4c38d22bdf34,-1.046875,-1.796875,15.46875,0
5f319af0e71f4c38d22bdf35,-1.21875,-2.15625,15.421875,0
5f319af0e71f4c38d22bdf36,-1.0625,-2.296875,15.453125,0
5f319af0e71f4c38d22bdf37,-1.015625,-2.296875,15.40625,0
5f319af0e71f4c38d22bdf38,-0.921875,-2.25,15.265625,0
5f319af0e71f4c38d22bdf39,-0.9375,-2.015625,15.53125,0
5f319af0e71f4c38d22bdf3a,-1,-1.859375,15.53125,0
5f319af1e71f4c38d22bdf3b,-1.109375,-2.21875,15.484375,0
5f319af1e71f4c38d22bdf3c,-1.03125,-2.3125,15.46875,0
5f319af1e71f4c38d22bdf3d,-1.09375,-2.15625,15.390625,0
5f319af1e71f4c38d22bdf3e,-0.96875,-1.96875,15.53125,0
5f319af1e71f4c38d22bdf3f,-0.546875,-1.421875,15.4375,0
5f319af1e71f4c38d22bdf40,-1.3125,-2.203125,15.375,0
5f319af1e71f4c38d22bdf41,-1.3125,-2.484375,15.390625,0
5f319af1e71f4c38d22bdf42,-0.625,-1.75,15.5,0
5f319af1e71f4c38d22bdf43,-1.0625,-2.09375,15.46875,0
5f319af1e71f4c38d22bdf44,-0.828125,-1.65625,15.53125,0
5f319af1e71f4c38d22bdf45,-1.15625,-2.015625,15.453125,0
5f319af1e71f4c38d22bdf46,-1.375,-2.0625,15.484375,0
5f319af1e71f4c38d22bdf47,-1.203125,-2.109375,15.515625,0
5f319af1e71f4c38d22bdf48,-1,-1.875,15.484375,0
5f319af1e71f4c38d22bdf49,-0.9375,-1.65625,15.484375,0
5f319af1e71f4c38d22bdf4a,-0.953125,-1.578125,15.40625,0
5f319af2e71f4c38d22bdf4b,-1.015625,-1.828125,15.421875,0
5f319af2e71f4c38d22bdf4c,-1.15625,-2.171875,15.5625,0
5f319af2e71f4c38d22bdf4d,-1.109375,-2.4375,15.46875,0
5f319af2e71f4c38d22bdf4e,-1.15625,-2.015625,15.5625,0
5f319af2e71f4c38d22bdf4f,-0.859375,-1.9375,15.484375,0
5f319af2e71f4c38d22bdf50,-1.046875,-1.90625,15.359375,0
5f319af2e71f4c38d22bdf51,-0.984375,-2.09375,15.640625,0
5f319af2e71f4c38d22bdf52,-1.15625,-2.359375,15.53125,0
5f319af2e71f4c38d22bdf53,-0.828125,-1.984375,15.546875,0
5f319af2e71f4c38d22bdf54,-1.03125,-2.0625,15.34375,0
5f319af2e71f4c38d22bdf55,-1.046875,-1.828125,15.390625,0
5f319af2e71f4c38d22bdf56,-0.890625,-2.09375,15.71875,0
5f319af2e71f4c38d22bdf57,-0.953125,-2.25,15.421875,0
5f319af2e71f4c38d22bdf58,-1.203125,-2.109375,15.40625,0
5f319af2e71f4c38d22bdf59,-1.28125,-2.203125,15.484375,0
5f319af3e71f4c38d22bdf5a,-1.015625,-1.84375,15.5,0
5f319af3e71f4c38d22bdf5b,-1.046875,-1.84375,15.28125,0
5f319af3e71f4c38d22bdf5c,-1,-2.015625,15.40625,0
5f319af3e71f4c38d22bdf5d,-1.15625,-2.203125,15.609375,0
5f319af3e71f4c38d22bdf5e,-1.046875,-2.140625,15.296875,0
5f319af3e71f4c38d22bdf5f,-0.984375,-2.109375,15.4375,0
5f319af3e71f4c38d22bdf60,-1.140625,-2.015625,15.28125,0
5f319af3e71f4c38d22bdf61,-1.125,-1.9375,15.25,0
5f319affe71f4c38d22bdf62,-20.625,4.8125,-7.90625,1
5f319affe71f4c38d22bdf63,-17.53125,0.5625,-7.640625,1
5f319affe71f4c38d22bdf64,-16.21875,1.828125,-7.359375,1
5f319affe71f4c38d22bdf65,-15.484375,0,-4.4375,1
5f319affe71f4c38d22bdf66,-11.4375,4.125,-3.671875,1
5f319affe71f4c38d22bdf67,-8.484375,3.84375,1.25,1
5f319affe71f4c38d22bdf68,-21.09375,1.6875,14.5625,1
5f319affe71f4c38d22bdf69,-13.734375,8.109375,9.4375,1
5f319b00e71f4c38d22bdf6a,-19.71875,4,8.0625,1
5f319b00e71f4c38d22bdf6b,-12.78125,0.125,-3.53125,1
5f319b00e71f4c38d22bdf6c,-16.46875,6.296875,-3.90625,1
5f319b00e71f4c38d22bdf6d,-16.59375,-3.734375,-1.84375,1
5f319b00e71f4c38d22bdf6e,-15.640625,-1.375,-0.375,1
5f319b00e71f4c38d22bdf6f,-16.171875,2.1875,-0.28125,1
5f319b00e71f4c38d22bdf70,-15.828125,1.703125,0.96875,1
5f319b00e71f4c38d22bdf71,-16.0625,2.46875,-2.65625,1
5f319b00e71f4c38d22bdf72,-15.453125,0.515625,-1.234375,1
5f319b00e71f4c38d22bdf73,-16.828125,-0.15625,-2.796875,1
5f319b00e71f4c38d22bdf74,-16.3125,2.046875,-2.015625,1
5f319b00e71f4c38d22bdf75,-22.625,-3.296875,1.734375,1
5f319b00e71f4c38d22bdf76,-22.625,4.546875,7.9375,1
5f319b00e71f4c38d22bdf77,-19.6875,4.46875,-6.640625,1
5f319b00e71f4c38d22bdf78,-21.375,0.375,-5.453125,1
5f319b00e71f4c38d22bdf79,-17.328125,-0.578125,-8.140625,1
5f319b01e71f4c38d22bdf7a,-15.546875,-0.875,-6.59375,1
5f319b01e71f4c38d22bdf7b,-11.671875,3.015625,-7.625,1
5f319b01e71f4c38d22bdf7c,-7.125,4.3125,-2.359375,1
5f319b01e71f4c38d22bdf7d,-20.015625,2.546875,11.4375,1
5f319b01e71f4c38d22bdf7e,-14.515625,5.75,14.734375,1
5f319b01e71f4c38d22bdf7f,-21.234375,13.109375,4.703125,1
5f319b01e71f4c38d22bdf80,-13.5625,-5.828125,-8.65625,1
5f319b01e71f4c38d22bdf81,-16.625,7,-6.96875,1
5f319b01e71f4c38d22bdf82,-16.171875,-2.28125,-1.859375,1
5f319b01e71f4c38d22bdf83,-15.609375,0.34375,1.390625,1
5f319b01e71f4c38d22bdf84,-17.59375,-0.15625,-1.40625,1
5f319b01e71f4c38d22bdf85,-15.640625,1.484375,-0.765625,1
5f319b01e71f4c38d22bdf86,-17.03125,1.640625,-2.1875,1
5f319b01e71f4c38d22bdf87,-16.015625,0.578125,0.03125,1
5f319b01e71f4c38d22bdf88,-15.5,2.28125,-3.375,1
5f319b02e71f4c38d22bdf89,-16.53125,0.09375,-3.59375,1
5f319b02e71f4c38d22bdf8a,-17.765625,-1.390625,0.46875,1
5f319b02e71f4c38d22bdf8b,-20.71875,-0.515625,8.515625,1
5f319b02e71f4c38d22bdf8c,-17.3125,4.84375,-0.21875,1
5f319b02e71f4c38d22bdf8d,-22.640625,-0.71875,-7.5625,1
5f319b02e71f4c38d22bdf8e,-17.515625,-7.515625,-8.78125,1
5f319b02e71f4c38d22bdf8f,-16.59375,0.0625,-8.28125,1
5f319b02e71f4c38d22bdf90,-13.03125,-0.8125,-8.359375,1
5f319b02e71f4c38d22bdf91,-9.6875,3.328125,-5.578125,1
5f319b02e71f4c38d22bdf92,-15.75,6.8125,2.953125,1
5f319b02e71f4c38d22bdf93,-14.03125,4.953125,16.4375,1
5f319b02e71f4c38d22bdf94,-12,7.234375,1.890625,1
5f319b02e71f4c38d22bdf95,-32,5.640625,4.828125,1
5f319b02e71f4c38d22bdf96,-15.125,-3.828125,-7.515625,1
5f319b02e71f4c38d22bdf97,-16.71875,1.5,-2.8125,1
5f319b02e71f4c38d22bdf98,-16.5625,1.671875,-1.46875,1
5f319b03e71f4c38d22bdf99,-14.96875,-2.296875,-0.765625,1
5f319b03e71f4c38d22bdf9a,-17.109375,2.140625,-1.328125,1
5f319b03e71f4c38d22bdf9b,-15.03125,1.78125,-2.328125,1
5f319b03e71f4c38d22bdf9c,-16.359375,0.890625,-3.515625,1
5f319b03e71f4c38d22bdf9d,-14.546875,2.203125,-1.625,1
5f319b03e71f4c38d22bdf9e,-17.8125,0.859375,-2.4375,1
5f319b03e71f4c38d22bdf9f,-18,-0.84375,-0.34375,1
5f319b03e71f4c38d22bdfa0,-20.375,1.890625,5.015625,1
5f319b03e71f4c38d22bdfa1,-18.390625,2.390625,2.5,1
5f319b03e71f4c38d22bdfa2,-22.296875,2,-7.859375,1
5f319b03e71f4c38d22bdfa3,-17.921875,-5.890625,-9.34375,1
5f319b03e71f4c38d22bdfa4,-15.390625,2.328125,-9.03125,1
5f319b03e71f4c38d22bdfa5,-14.15625,-2.453125,-9.1875,1
5f319b03e71f4c38d22bdfa6,-9.15625,4.75,-6.78125,1
5f319b03e71f4c38d22bdfa7,-11.890625,5.328125,2.59375,1
5f319b04e71f4c38d22bdfa8,-15.171875,7.46875,16.296875,1
5f319b04e71f4c38d22bdfa9,-12.640625,7.453125,2.203125,1
5f319b04e71f4c38d22bdfaa,-32,-1.59375,13.65625,1
5f319b04e71f4c38d22bdfab,-10.34375,-2.765625,-9.9375,1
5f319b04e71f4c38d22bdfac,-15.609375,5.5,-4.625,1
5f319b04e71f4c38d22bdfad,-17.28125,-2.3125,-3.359375,1
5f319b04e71f4c38d22bdfae,-14.921875,-4.40625,-0.65625,1
5f319b04e71f4c38d22bdfaf,-18.015625,2.296875,-1.96875,1
5f319b04e71f4c38d22bdfb0,-15.65625,0.453125,-2.765625,1
5f319b04e71f4c38d22bdfb1,-17.03125,-3.578125,-1.640625,1
5f319b04e71f4c38d22bdfb2,-13.078125,7.421875,-1.515625,1
5f319b04e71f4c38d22bdfb3,-16.6875,-3.6875,-4.3125,1
5f319b04e71f4c38d22bdfb4,-16.421875,-1.3125,-1.484375,1
5f319b04e71f4c38d22bdfb5,-23,-3.796875,6.109375,1
5f319b04e71f4c38d22bdfb6,-20.421875,7.609375,7.921875,1
5f319b05e71f4c38d22bdfb7,-25.25,1.671875,-10.984375,1
5f319b05e71f4c38d22bdfb8,-18.53125,-2.609375,-8.84375,1
5f319b05e71f4c38d22bdfb9,-16.140625,-0.546875,-8.21875,1
5f319b05e71f4c38d22bdfba,-12.578125,-0.328125,-8.546875,1
5f319b05e71f4c38d22bdfbb,-10.609375,0.1875,-6.1875,1
5f319b05e71f4c38d22bdfbc,-8.546875,3.4375,-0.09375,1
5f319b05e71f4c38d22bdfbd,-15.703125,9.953125,12.125,1
5f319b05e71f4c38d22bdfbe,-14.78125,2.640625,6.3125,1
5f319b05e71f4c38d22bdfbf,-10.34375,-0.53125,-2.21875,1
5f319b05e71f4c38d22bdfc0,-29.71875,-7.03125,6.15625,1
5f319b05e71f4c38d22bdfc1,-13.078125,7.765625,-6.4375,1
5f319b05e71f4c38d22bdfc2,-12.109375,-2.796875,-4.0625,1
5f319b05e71f4c38d22bdfc3,-16.046875,-1.125,-4.4375,1
5f319b05e71f4c38d22bdfc4,-14.5,-3.515625,-2.296875,1
5f319b05e71f4c38d22bdfc5,-16,0.03125,-3.484375,1
5f319b05e71f4c38d22bdfc6,-16.9375,-1.265625,-1.078125,1
5f319b06e71f4c38d22bdfc7,-16.984375,-2.75,-1.8125,1
5f319b06e71f4c38d22bdfc8,-15.15625,-0.03125,-2.171875,1
5f319b06e71f4c38d22bdfc9,-16.015625,-1.03125,-2.890625,1
5f319b06e71f4c38d22bdfca,-19.328125,-4.4375,7.09375,1
5f319b06e71f4c38d22bdfcb,-24.84375,10.109375,3.921875,1
5f319b06e71f4c38d22bdfcc,-20.96875,-9.625,-13.90625,1
5f319b06e71f4c38d22bdfcd,-13.359375,-10.453125,-9,1
5f319b06e71f4c38d22bdfce,-15.59375,-2.546875,-11.171875,1
5f319b06e71f4c38d22bdfcf,-13.21875,-3.84375,-11.125,1
5f319b06e71f4c38d22bdfd0,-11.53125,1.203125,-9.234375,1
5f319b06e71f4c38d22bdfd1,-12.203125,5.359375,-2.734375,1
5f319b06e71f4c38d22bdfd2,-19.421875,2.59375,6.359375,1
5f319b06e71f4c38d22bdfd3,-14.046875,4.5625,7.359375,1
5f319b06e71f4c38d22bdfd4,-20.125,5.59375,-4.21875,1
5f319b06e71f4c38d22bdfd5,-10.53125,-2.5625,-3.609375,1
5f319b07e71f4c38d22bdfd6,-16.71875,-0.40625,-8.15625,1
5f319b07e71f4c38d22bdfd7,-16.28125,6.296875,-4.21875,1
5f319b07e71f4c38d22bdfd8,-16.328125,-2.984375,-2.6875,1
5f319b07e71f4c38d22bdfd9,-15.65625,-1.515625,-5.4375,1
5f319b07e71f4c38d22bdfda,-12.953125,0.625,-4.71875,1
5f319b07e71f4c38d22bdfdb,-15.515625,0.75,-4.71875,1
5f319b07e71f4c38d22bdfdc,-15.8125,-0.515625,-4.203125,1
5f319b07e71f4c38d22bdfdd,-15.09375,0.84375,-4.875,1
5f319b07e71f4c38d22bdfde,-16.625,-1.515625,-4.171875,1
5f319b07e71f4c38d22bdfdf,-17.859375,-3.875,-4.0625,1
5f319b0ee71f4c38d22bdfe0,-15.1875,1.40625,-5.546875,2
5f319b0ee71f4c38d22bdfe1,-14.828125,1.28125,-5.828125,2
5f319b0ee71f4c38d22bdfe2,-14.921875,1.421875,-6.46875,2
5f319b0ee71f4c38d22bdfe3,-14.78125,1.421875,-6.171875,2
5f319b0ee71f4c38d22bdfe4,-14.90625,1.546875,-5.984375,2
5f319b0ee71f4c38d22bdfe5,-15.09375,1.25,-5.796875,2
5f319b0ee71f4c38d22bdfe6,-15.25,1.125,-5.859375,2
5f319b0ee71f4c38d22bdfe7,-14.90625,1.375,-6.140625,2
5f319b0ee71f4c38d22bdfe8,-15.234375,1.09375,-5.734375,2
5f319b0ee71f4c38d22bdfe9,-14.9375,0.9375,-6.21875,2
5f319b0ee71f4c38d22bdfea,-14.9375,1,-6.6875,2
5f319b0fe71f4c38d22bdfec,-15.453125,1.4375,-5.671875,2
5f319b0fe71f4c38d22bdfeb,-15.203125,1.109375,-6.09375,2
5f319b0fe71f4c38d22bdfed,-14.9375,1.078125,-5.828125,2
5f319b0fe71f4c38d22bdfee,-14.96875,1.390625,-6.4375,2
5f319b0fe71f4c38d22bdfef,-15.125,1.359375,-5.9375,2
5f319b0fe71f4c38d22bdff0,-15.234375,1.125,-5.9375,2
5f319b0fe71f4c38d22bdff1,-15.21875,1.265625,-5.640625,2
5f319b0fe71f4c38d22bdff2,-14.90625,1.328125,-5.703125,2
5f319b0fe71f4c38d22bdff4,-15.375,1.21875,-6.015625,2
5f319b0fe71f4c38d22bdff3,-14.921875,1.0625,-5.953125,2
5f319b0fe71f4c38d22bdff5,-15.109375,1.21875,-5.6875,2
5f319b0fe71f4c38d22bdff6,-14.984375,1.171875,-5.8125,2
5f319b0fe71f4c38d22bdff7,-15.109375,1.5,-6.234375,2
5f319b0fe71f4c38d22bdff8,-15.046875,1.21875,-6.34375,2
5f319b10e71f4c38d22bdffa,-15.21875,1.34375,-5.21875,2
5f319b0fe71f4c38d22bdff9,-15.140625,1.0625,-5.203125,2
5f319b10e71f4c38d22bdffb,-15.140625,1.3125,-5.515625,2
5f319b10e71f4c38d22bdffc,-15.0625,1.390625,-5.796875,2
5f319b10e71f4c38d22bdffd,-14.984375,1.171875,-5.640625,2
5f319b10e71f4c38d22bdffe,-15.203125,1.453125,-5.453125,2
5f319b10e71f4c38d22bdfff,-15.453125,1.359375,-5.203125,2
5f319b10e71f4c38d22be000,-15.0625,1.640625,-5.703125,2
5f319b10e71f4c38d22be001,-15.296875,1.0625,-5.46875,2
5f319b10e71f4c38d22be002,-15.296875,1.3125,-5.5625,2
5f319b10e71f4c38d22be003,-15.34375,1.4375,-5.515625,2
5f319b10e71f4c38d22be004,-15.453125,1.265625,-5.625,2
5f319b10e71f4c38d22be005,-15.09375,1.296875,-5.25,2
5f319b10e71f4c38d22be006,-15.21875,1.359375,-5.46875,2
5f319b10e71f4c38d22be009,-15.25,1.53125,-5.3125,2
5f319b10e71f4c38d22be008,-15.1875,1.4375,-5.46875,2
5f319b10e71f4c38d22be007,-15.359375,1.140625,-5.671875,2
5f319b11e71f4c38d22be00a,-15.40625,1.28125,-5.265625,2
5f319b11e71f4c38d22be00b,-15.46875,1.34375,-5.03125,2
5f319b11e71f4c38d22be00c,-15.265625,1.265625,-5.484375,2
5f319b11e71f4c38d22be00d,-15.125,1.46875,-5.59375,2
5f319b11e71f4c38d22be00e,-15.171875,1.234375,-5.453125,2
5f319b11e71f4c38d22be00f,-15.21875,1.453125,-5.578125,2
5f319b11e71f4c38d22be010,-15.1875,1.46875,-5.4375,2
5f319b11e71f4c38d22be011,-15.34375,1.3125,-4.9375,2
5f319b11e71f4c38d22be012,-15.296875,1.359375,-5.390625,2
5f319b11e71f4c38d22be013,-15.125,1.375,-5.828125,2
5f319b11e71f4c38d22be014,-15.171875,1.203125,-5.703125,2
5f319b11e71f4c38d22be015,-14.984375,1.296875,-5.796875,2
5f319b11e71f4c38d22be016,-15.25,1.234375,-5.546875,2
5f319b11e71f4c38d22be017,-15.0625,1.265625,-5.9375,2
5f319b11e71f4c38d22be018,-14.96875,1.375,-5.46875,2
5f319b12e71f4c38d22be019,-15.171875,1.59375,-5.4375,2
5f319b12e71f4c38d22be01a,-15.234375,1.53125,-5.59375,2
5f319b12e71f4c38d22be01b,-15.140625,1.6875,-5.921875,2
5f319b12e71f4c38d22be01c,-15.015625,1.546875,-6.109375,2
5f319b12e71f4c38d22be01d,-14.953125,1.390625,-5.671875,2
5f319b12e71f4c38d22be01e,-14.96875,1.6875,-5.703125,2
5f319b12e71f4c38d22be01f,-15.25,1.234375,-5.5625,2
5f319b12e71f4c38d22be020,-15.09375,1.46875,-5.453125,2
5f319b12e71f4c38d22be021,-14.9375,1.1875,-5.28125,2
5f319b12e71f4c38d22be022,-15.171875,1.34375,-5.6875,2
5f319b12e71f4c38d22be023,-15.40625,1.4375,-5.703125,2
5f319b12e71f4c38d22be024,-15.0625,1.53125,-5.640625,2
5f319b12e71f4c38d22be025,-15,1.375,-5.875,2
5f319b12e71f4c38d22be026,-15.1875,1.109375,-5.984375,2
5f319b12e71f4c38d22be027,-14.9375,1.34375,-5.90625,2
5f319b13e71f4c38d22be028,-15.1875,1.28125,-5.5,2
5f319b13e71f4c38d22be029,-15.125,1.390625,-5.515625,2
5f319b13e71f4c38d22be02a,-15.21875,1.28125,-6,2
5f319b13e71f4c38d22be02b,-15.359375,1.234375,-5.65625,2
5f319b13e71f4c38d22be02c,-15.03125,1.484375,-5.09375,2
5f319b13e71f4c38d22be02d,-15.03125,1.453125,-5.671875,2
5f319b13e71f4c38d22be02e,-15.046875,1.34375,-5.984375,2
5f319b13e71f4c38d22be02f,-15.3125,1.21875,-5.78125,2
5f319b13e71f4c38d22be030,-15.609375,1.3125,-5.234375,2
5f319b13e71f4c38d22be031,-15.09375,1.453125,-5.296875,2
5f319b13e71f4c38d22be032,-15.125,1.515625,-5.671875,2
5f319b13e71f4c38d22be033,-15.1875,1.234375,-5.578125,2
5f319b13e71f4c38d22be034,-15.25,1.25,-5.59375,2
5f319b13e71f4c38d22be035,-15.5,1.515625,-4.953125,2
5f319b1de71f4c38d22be036,-14.3125,0.84375,0.203125,1
5f319b1de71f4c38d22be037,-11.28125,1.109375,5.4375,1
5f319b1de71f4c38d22be038,-17.921875,6.234375,-6.828125,1
5f319b1de71f4c38d22be039,-16.8125,-5.671875,-5.953125,1
5f319b1de71f4c38d22be03a,-16.234375,-1.96875,-2.859375,1
5f319b1de71f4c38d22be03b,-14.71875,-0.0625,-3.796875,1
5f319b1de71f4c38d22be03c,-15.8125,1.578125,-2.796875,1
5f319b1de71f4c38d22be03d,-15.625,-2.390625,-3.25,1
5f319b1de71f4c38d22be03e,-16.421875,-0.1875,-3.65625,1
5f319b1de71f4c38d22be03f,-15.046875,2.28125,-3.375,1
5f319b1de71f4c38d22be040,-16.40625,-0.671875,-4.25,1
5f319b1de71f4c38d22be041,-17.234375,-0.34375,-2.3125,1
5f319b1de71f4c38d22be042,-20.328125,-3.34375,4.609375,1
5f319b1de71f4c38d22be043,-20,1.34375,1.796875,1
5f319b1de71f4c38d22be044,-22.0625,-0.359375,-12.1875,1
5f319b1ee71f4c38d22be045,-17.1875,-7.375,-10.9375,1
5f319b1ee71f4c38d22be046,-16.609375,-4.6875,-8.40625,1
5f319b1ee71f4c38d22be047,-16.328125,-1.109375,-9.046875,1
5f319b1ee71f4c38d22be048,-13.71875,0.234375,-5.515625,1
5f319b1ee71f4c38d22be049,-12.578125,2.96875,-5.890625,1
5f319b1ee71f4c38d22be04a,-10.546875,6.4375,-3,1
5f319b1ee71f4c38d22be04b,-13.140625,4.71875,3.859375,1
5f319b1ee71f4c38d22be04c,-14.921875,5.84375,7.578125,1
5f319b1ee71f4c38d22be04d,-14.234375,0.984375,3.40625,1
5f319b1ee71f4c38d22be04e,-26.359375,-10.203125,3.546875,1
5f319b1ee71f4c38d22be04f,-4.71875,3.625,-3.71875,1
5f319b1ee71f4c38d22be050,-16.21875,10.6875,-7.546875,1
5f319b1ee71f4c38d22be051,-16,-10.65625,-5.96875,1
5f319b1ee71f4c38d22be052,-15.546875,0.5625,-4.421875,1
5f319b1ee71f4c38d22be053,-16.609375,-2.890625,-3.640625,1
5f319b1ee71f4c38d22be054,-15.625,1.125,-2.515625,1
5f319b1fe71f4c38d22be055,-15.6875,-1.640625,-5.21875,1
5f319b1fe71f4c38d22be056,-16.03125,-0.25,-3.046875,1
5f319b1fe71f4c38d22be057,-16.03125,-1.4375,-4.421875,1
5f319b1fe71f4c38d22be058,-18.328125,-0.84375,-2.046875,1
5f319b1fe71f4c38d22be059,-24.703125,-3.546875,6.046875,1
5f319b1fe71f4c38d22be05a,-16.921875,3.84375,-2.4375,1
5f319b1fe71f4c38d22be05b,-22.09375,2.109375,-8.875,1
5f319b1fe71f4c38d22be05c,-17.4375,-3.109375,-9.453125,1
5f319b1fe71f4c38d22be05d,-15.5,-0.484375,-9.109375,1
5f319b1fe71f4c38d22be05e,-12.734375,1.46875,-8.734375,1
5f319b1fe71f4c38d22be05f,-6.46875,3,-5.0625,1
5f319b1fe71f4c38d22be060,-16.859375,-0.3125,5.296875,1
5f319b1fe71f4c38d22be061,-16.328125,7.21875,10.9375,1
5f319b1fe71f4c38d22be062,-8.828125,3.03125,2.171875,1
5f319b1fe71f4c38d22be063,-23.1875,-2.28125,-3.359375,1
5f319b20e71f4c38d22be064,-10.515625,-0.234375,-8.015625,1
5f319b20e71f4c38d22be065,-15.953125,-1.984375,-3.625,1
5f319b20e71f4c38d22be066,-16.703125,2.015625,-5.0625,1
5f319b20e71f4c38d22be067,-13.75,-4.578125,-3.21875,1
5f319b20e71f4c38d22be068,-16.84375,0.4375,-2.40625,1
5f319b20e71f4c38d22be069,-13.9375,-0.921875,-3.859375,1
5f319b20e71f4c38d22be06a,-16.15625,-0.828125,-4.640625,1
5f319b20e71f4c38d22be06b,-15.71875,-4.234375,-2.578125,1
5f319b20e71f4c38d22be06c,-17.671875,-0.984375,-1.953125,1
5f319b20e71f4c38d22be06d,-23.8125,-6.3125,5.84375,1
5f319b20e71f4c38d22be06e,-17.640625,5.125,-3.265625,1
5f319b20e71f4c38d22be06f,-22.671875,0.171875,-8.78125,1
5f319b20e71f4c38d22be070,-16.171875,-2.265625,-7.03125,1
5f319b20e71f4c38d22be071,-16.265625,4.15625,-7.6875,1
5f319b20e71f4c38d22be072,-13.21875,-0.6875,-5.375,1
5f319b21e71f4c38d22be073,-11.109375,1.203125,-4.359375,1
5f319b21e71f4c38d22be074,-11.03125,1.78125,1.734375,1
5f319b21e71f4c38d22be075,-16.671875,2.96875,5.1875,1
5f319b21e71f4c38d22be076,-14.515625,1.828125,9.609375,1
5f319b21e71f4c38d22be077,-7.03125,-4.875,0.046875,1
5f319b21e71f4c38d22be078,-12.984375,0.75,-3.09375,1
5f319b21e71f4c38d22be079,-17.53125,4.84375,-6.34375,1
5f319b21e71f4c38d22be07a,-13.0625,-4.421875,-3.34375,1
5f319b21e71f4c38d22be07b,-15.59375,-2.203125,-3.296875,1
5f319b21e71f4c38d22be07c,-14.609375,-5.09375,-3.90625,1
5f319b21e71f4c38d22be07d,-15.984375,-2.578125,-3.1875,1
5f319b21e71f4c38d22be07e,-14.90625,-2.390625,-4.03125,1
5f319b21e71f4c38d22be07f,-16.484375,-1.78125,-2.296875,1
5f319b21e71f4c38d22be080,-15.421875,-0.609375,-1.984375,1
5f319b21e71f4c38d22be081,-17.03125,-3.28125,0.84375,1
5f319b21e71f4c38d22be082,-28.40625,-3.5,3.09375,1
5f319b22e71f4c38d22be083,-17.046875,5.921875,-5.5625,1
5f319b22e71f4c38d22be084,-22.265625,-1.3125,-6.8125,1
5f319b22e71f4c38d22be085,-15.171875,2.296875,-7.015625,1
5f319b22e71f4c38d22be086,-14.21875,2.671875,-4.921875,1
5f319b22e71f4c38d22be087,-14.125,-0.296875,-4.40625,1
5f319b22e71f4c38d22be088,-9.5,0.6875,-2.4375,1
5f319b22e71f4c38d22be089,-14.046875,1.75,5.4375,1
5f319b22e71f4c38d22be08a,-14.28125,1.921875,7.921875,1
5f319b22e71f4c38d22be08b,-15.46875,1.421875,7.5625,1
5f319b22e71f4c38d22be08c,-32,-17.078125,-0.4375,1
5f319b22e71f4c38d22be08d,-9.578125,1.421875,-5.265625,1
5f319b22e71f4c38d22be08e,-16.15625,1.8125,-5.953125,1
5f319b22e71f4c38d22be08f,-18.046875,-1.78125,-5.015625,1
5f319b22e71f4c38d22be090,-14.734375,-5.84375,-3.828125,1
5f319b23e71f4c38d22be091,-14.4375,-7.78125,-3.203125,1
5f319b23e71f4c38d22be092,-14.8125,-5.0625,-2.90625,1
5f319b23e71f4c38d22be093,-15.6875,-4.84375,-3.625,1
5f319b23e71f4c38d22be094,-15.203125,1.796875,-5.421875,1
5f319b23e71f4c38d22be095,-14.359375,-2.1875,-3.71875,1
5f319b23e71f4c38d22be096,-14.78125,-3.6875,-5.875,1
5f319b23e71f4c38d22be097,-14.890625,1.828125,-3.296875,1
5f319b23e71f4c38d22be098,-17.90625,-7.390625,-7.484375,1
5f319b23e71f4c38d22be099,-17.0625,4.6875,-12.359375,1
5f319b23e71f4c38d22be09a,-14.578125,0.203125,-9.09375,1
5f319b23e71f4c38d22be09b,-13.65625,-0.453125,-9.109375,1
5f319b3ae71f4c38d22be09c,-1.71875,-4.8125,15.078125,0
5f319b3ae71f4c38d22be09d,-1.625,-4.5625,15.234375,0
5f319b3ae71f4c38d22be09e,-1.546875,-4.828125,15.234375,0
5f319b3ae71f4c38d22be09f,-1.40625,-4.734375,15.109375,0
5f319b3ae71f4c38d22be0a0,-1.390625,-3.84375,15.25,0
5f319b3ae71f4c38d22be0a1,-1.484375,-2.90625,15.3125,0
5f319b3ae71f4c38d22be0a2,-1.75,-3.328125,15.234375,0
5f319b3ae71f4c38d22be0a3,-1.453125,-3.5,15.25,0
5f319b3ae71f4c38d22be0a4,-1.546875,-4.734375,15.046875,0
5f319b3be71f4c38d22be0a5,-1.53125,-5.015625,14.8125,0
5f319b3be71f4c38d22be0a6,-1.625,-4.953125,14.859375,0
5f319b3be71f4c38d22be0a7,-1.6875,-4.40625,15,0
5f319b3be71f4c38d22be0a8,-1.484375,-3.96875,15.140625,0
5f319b3be71f4c38d22be0a9,-1.5,-4.015625,15.203125,0
5f319b3be71f4c38d22be0aa,-1.390625,-3.71875,15.328125,0
5f319b3be71f4c38d22be0ab,-1.59375,-3.859375,15.109375,0
5f319b3be71f4c38d22be0ac,-1.546875,-4.421875,15,0
5f319b3be71f4c38d22be0ad,-1.4375,-4.4375,15.078125,0
5f319b3be71f4c38d22be0ae,-1.484375,-4.25,15.09375,0
5f319b3be71f4c38d22be0af,-1.453125,-4.515625,15.171875,0
5f319b3be71f4c38d22be0b0,-1.6875,-4.484375,15.21875,0
5f319b3be71f4c38d22be0b1,-1.59375,-4.296875,15.140625,0
5f319b3be71f4c38d22be0b2,-1.75,-4.140625,15.109375,0
5f319b3be71f4c38d22be0b3,-1.734375,-3.765625,15.15625,0
5f319b3be71f4c38d22be0b4,-1.34375,-3.5625,15.3125,0
5f319b3ce71f4c38d22be0b5,-1.046875,-3.625,15.25,0
5f319b3ce71f4c38d22be0b6,-1.390625,-4.046875,15.21875,0
5f319b3ce71f4c38d22be0b7,-1.65625,-4.296875,15.0625,0
5f319b3ce71f4c38d22be0b8,-1.5625,-4.171875,15.203125,0
5f319b3ce71f4c38d22be0b9,-1.46875,-3.984375,15.125,0
5f319b3ce71f4c38d22be0ba,-1.359375,-3.859375,15.25,0
5f319b3ce71f4c38d22be0bb,-1.484375,-3.734375,15.140625,0
5f319b3ce71f4c38d22be0bc,-1.53125,-4.28125,15.21875,0
5f319b3ce71f4c38d22be0bd,-1.671875,-4.5,15.15625,0
5f319b3ce71f4c38d22be0be,-1.515625,-4.21875,15.171875,0
5f319b3ce71f4c38d22be0bf,-1.546875,-4.28125,15.140625,0
5f319b3ce71f4c38d22be0c0,-1.546875,-3.796875,15.15625,0
5f319b3ce71f4c38d22be0c1,-1.578125,-3.40625,15.171875,0
5f319b3ce71f4c38d22be0c2,-1.640625,-3.875,15.21875,0
5f319b3ce71f4c38d22be0c3,-1.40625,-4.015625,15,0
5f319b3de71f4c38d22be0c4,-1.546875,-3.9375,15.15625,0
5f319b3de71f4c38d22be0c5,-1.546875,-4.171875,15.125,0
5f319b3de71f4c38d22be0c6,-1.6875,-4.0625,14.984375,0
5f319b3de71f4c38d22be0c7,-1.59375,-3.96875,15.21875,0
5f319b3de71f4c38d22be0c8,-1.53125,-4.234375,15.09375,0
5f319b3de71f4c38d22be0c9,-1.453125,-4.078125,15.015625,0
5f319b3de71f4c38d22be0ca,-1.5625,-4.25,15.09375,0
5f319b3de71f4c38d22be0cb,-1.5,-4.03125,15,0
5f319b3de71f4c38d22be0cc,-1.578125,-4,15.453125,0
5f319b3de71f4c38d22be0cd,-1.53125,-4.078125,15.109375,0
5f319b3de71f4c38d22be0ce,-1.5,-3.984375,15.03125,0
5f319b3de71f4c38d22be0cf,-1.46875,-4.03125,15.3125,0
5f319b3de71f4c38d22be0d0,-1.40625,-4.140625,15.34375,0
5f319b3de71f4c38d22be0d1,-1.421875,-4.0625,15.078125,0
5f319b3de71f4c38d22be0d2,-1.8125,-4.109375,15.359375,0
5f319b3ee71f4c38d22be0d3,-1.5,-4.296875,15.125,0
5f319b3ee71f4c38d22be0d4,-1.4375,-4.125,15.25,0
5f319b3ee71f4c38d22be0d5,-1.484375,-4.046875,15.265625,0
5f319b3ee71f4c38d22be0d6,-1.578125,-3.9375,15.25,0
5f319b3ee71f4c38d22be0d7,-1.515625,-4.078125,15.125,0
5f319b3ee71f4c38d22be0d8,-1.625,-4.109375,15.15625,0
5f319b3ee71f4c38d22be0d9,-1.59375,-4.078125,15,0
5f319b3ee71f4c38d22be0da,-1.5,-4.03125,15.015625,0
5f319b3ee71f4c38d22be0db,-1.484375,-4.03125,15.015625,0
5f319b3ee71f4c38d22be0dc,-1.453125,-4.03125,15.359375,0
5f319b3ee71f4c38d22be0dd,-1.59375,-4.328125,14.71875,0
5f319b3ee71f4c38d22be0de,-1.609375,-4.234375,15.375,0
5f319b3ee71f4c38d22be0df,-1.65625,-3.921875,15.328125,0
5f319b3ee71f4c38d22be0e0,-1.765625,-3.953125,15.296875,0
5f319b3ee71f4c38d22be0e1,-1.578125,-3.890625,15.140625,0
5f319b3ee71f4c38d22be0e2,-1.421875,-3.984375,15.28125,0
5f319b3fe71f4c38d22be0e3,-1.296875,-4.015625,15.359375,0
5f319b3fe71f4c38d22be0e4,-1.34375,-4.296875,15.15625,0
5f319b3fe71f4c38d22be0e5,-1.59375,-4.28125,15,0
5f319b3fe71f4c38d22be0e6,-1.53125,-3.921875,15.0625,0
5f319b3fe71f4c38d22be0e7,-1.5,-3.84375,15.0625,0
5f319b3fe71f4c38d22be0e8,-1.3125,-4.0625,15.25,0
5f319b3fe71f4c38d22be0e9,-1.609375,-4.015625,15.03125,0
5f319b3fe71f4c38d22be0ea,-1.71875,-4.1875,15.03125,0
5f319b3fe71f4c38d22be0eb,-1.5,-3.765625,15.171875,0
5f319b3fe71f4c38d22be0ec,-1.390625,-3.953125,15.109375,0
5f319b3fe71f4c38d22be0ed,-1.546875,-4.34375,14.984375,0
5f319b3fe71f4c38d22be0ee,-1.4375,-4.40625,15.21875,0
5f319b3fe71f4c38d22be0ef,-1.671875,-4.203125,15.09375,0
5f319b3fe71f4c38d22be0f0,-1.546875,-4.03125,15.109375,0
5f319b3fe71f4c38d22be0f1,-1.515625,-3.953125,14.96875,0
5f319b40e71f4c38d22be0f2,-1.40625,-3.875,15.109375,0
5f319b40e71f4c38d22be0f3,-1.390625,-3.84375,15.015625,0
5f319b40e71f4c38d22be0f4,-1.609375,-4.265625,15.125,0
5f319b40e71f4c38d22be0f5,-1.765625,-3.984375,15.125,0
5f319b40e71f4c38d22be0f6,-1.5625,-3.6875,15.328125,0
5f319b40e71f4c38d22be0f7,-1.296875,-3.953125,15.171875,0
5f319b40e71f4c38d22be0f8,-1.484375,-3.953125,15.328125,0
5f319b40e71f4c38d22be0f9,-1.78125,-4.046875,14.984375,0
5f319b40e71f4c38d22be0fa,-1.671875,-4.1875,14.921875,0
5f319b40e71f4c38d22be0fb,-1.453125,-4.234375,15,0
5f319b40e71f4c38d22be0fc,-1.65625,-3.953125,15.1875,0
5f319b40e71f4c38d22be0fd,-1.390625,-4.015625,15.078125,0
5f319b40e71f4c38d22be0fe,-1.703125,-4.1875,15.25,0
5f319b40e71f4c38d22be0ff,-1.6875,-4.015625,15.0625,0
5f319b41e71f4c38d22be101,-1.53125,-4.015625,15.03125,0
5f319b41e71f4c38d22be100,-1.515625,-4.03125,14.984375,0
5f319b41e71f4c38d22be102,-1.640625,-4.1875,15.21875,0
5f319b41e71f4c38d22be103,-1.75,-4.171875,14.984375,0
5f319b4de71f4c38d22be104,-16,1.5625,-1.171875,2
5f319b4de71f4c38d22be105,-15.8125,2.421875,-1.8125,2
5f319b4de71f4c38d22be106,-15.15625,1.578125,-3.09375,2
5f319b4de71f4c38d22be107,-15.734375,0.375,-1.890625,2
5f319b4de71f4c38d22be108,-16.390625,-1.890625,-2.578125,2
5f319b4de71f4c38d22be109,-15.765625,-0.265625,-3.6875,2
5f319b4ee71f4c38d22be10a,-16.125,1.625,-3.5625,2
5f319b4ee71f4c38d22be10b,-14.453125,3.265625,-5.265625,2
5f319b4ee71f4c38d22be10c,-16.25,-0.75,-4.390625,2
5f319b4ee71f4c38d22be10d,-15.859375,0.265625,-3.015625,2
5f319b4ee71f4c38d22be10e,-15.90625,2.78125,-3.453125,2
5f319b4ee71f4c38d22be10f,-15.390625,2.59375,-2.703125,2
5f319b4ee71f4c38d22be110,-15.3125,0.96875,-3.09375,2
5f319b4ee71f4c38d22be111,-16.015625,1.109375,-4.21875,2
5f319b4ee71f4c38d22be112,-15.109375,2.28125,-4.484375,2
5f319b4ee71f4c38d22be113,-13.984375,2.8125,-5.390625,2
5f319b4ee71f4c38d22be114,-15.625,1.8125,-3.21875,2
5f319b4ee71f4c38d22be115,-15.71875,1.21875,-2.65625,2
5f319b4ee71f4c38d22be116,-15.890625,1.28125,-2.609375,2
5f319b4ee71f4c38d22be117,-15.453125,2.3125,-4.59375,2
5f319b4ee71f4c38d22be118,-15.40625,2.46875,-3.15625,2
5f319b4ee71f4c38d22be119,-15.609375,2.109375,-3.328125,2
5f319b4fe71f4c38d22be11a,-16,1.671875,-2.234375,2
5f319b4fe71f4c38d22be11b,-15.921875,1.984375,-2.359375,2
5f319b4fe71f4c38d22be11c,-15.9375,2.171875,-2.484375,2
5f319b4fe71f4c38d22be11d,-15.859375,2.140625,-2.375,2
5f319b4fe71f4c38d22be11e,-15.78125,2.03125,-2.75,2
5f319b4fe71f4c38d22be11f,-15.765625,1.578125,-2.703125,2
5f319b4fe71f4c38d22be120,-15.890625,1.328125,-1.796875,2
5f319b4fe71f4c38d22be121,-16.09375,1.71875,-1.5,2
5f319b4fe71f4c38d22be122,-15.765625,1.890625,-1.515625,2
5f319b4fe71f4c38d22be123,-15.765625,1.953125,-1.59375,2
5f319b4fe71f4c38d22be124,-15.796875,1.625,-0.984375,2
5f319b4fe71f4c38d22be125,-15.90625,2.09375,-0.890625,2
5f319b4fe71f4c38d22be126,-15.859375,2,-1.28125,2
5f319b4fe71f4c38d22be127,-15.703125,1.953125,-1.46875,2
5f319b4fe71f4c38d22be128,-15.78125,2,-1.1875,2
5f319b50e71f4c38d22be129,-15.875,1.765625,-0.859375,2
5f319b50e71f4c38d22be12a,-15.890625,1.953125,-0.671875,2
5f319b50e71f4c38d22be12b,-15.796875,1.640625,-0.453125,2
5f319b50e71f4c38d22be12c,-15.984375,1.75,-1.0625,2
5f319b50e71f4c38d22be12d,-15.984375,1.421875,-0.734375,2
5f319b50e71f4c38d22be12e,-15.96875,1.34375,-0.75,2
5f319b50e71f4c38d22be12f,-15.96875,1.53125,-1.09375,2
5f319b50e71f4c38d22be130,-15.984375,2,-1.03125,2
5f319b50e71f4c38d22be131,-16.015625,1.40625,-1.03125,2
5f319b50e71f4c38d22be132,-15.671875,1.59375,-1.578125,2
5f319b50e71f4c38d22be133,-16,1.65625,-1,2
5f319b50e71f4c38d22be134,-15.984375,1.59375,-0.96875,2
5f319b50e71f4c38d22be135,-15.96875,1.359375,-1.265625,2
5f319b50e71f4c38d22be136,-15.9375,1.203125,-1.46875,2
5f319b50e71f4c38d22be137,-15.6875,1.375,-0.875,2
5f319b51e71f4c38d22be138,-15.828125,1.453125,-1.34375,2
5f319b51e71f4c38d22be139,-15.90625,1.65625,-1.125,2
5f319b51e71f4c38d22be13a,-15.96875,1.375,-1.09375,2
5f319b51e71f4c38d22be13b,-15.828125,1.4375,-1.5,2
5f319b51e71f4c38d22be13c,-16,1.625,-1.109375,2
5f319b51e71f4c38d22be13d,-15.859375,1.65625,-1.515625,2
5f319b51e71f4c38d22be13e,-15.890625,1.5,-1.625,2
5f319b51e71f4c38d22be13f,-15.9375,1.671875,-1.453125,2
5f319b51e71f4c38d22be140,-15.9375,1.375,-1.234375,2
5f319b51e71f4c38d22be141,-16.125,1.53125,-1.21875,2
5f319b51e71f4c38d22be142,-16.078125,1.78125,-1.046875,2
5f319b51e71f4c38d22be143,-15.890625,1.5,-1.328125,2
5f319b51e71f4c38d22be144,-16,1.75,-1.359375,2
5f319b51e71f4c38d22be145,-15.640625,1.90625,-1.890625,2
5f319b51e71f4c38d22be146,-15.890625,1.84375,-1.921875,2
5f319b51e71f4c38d22be147,-15.875,1.96875,-1.90625,2
5f319b52e71f4c38d22be148,-16.046875,1.96875,-1.46875,2
5f319b52e71f4c38d22be149,-15.859375,1.734375,-1.546875,2
5f319b52e71f4c38d22be14a,-15.75,1.625,-1.515625,2
5f319b52e71f4c38d22be14b,-15.796875,1.625,-1.21875,2
5f319b52e71f4c38d22be14c,-15.90625,2.09375,-1.3125,2
5f319b52e71f4c38d22be14d,-16.09375,1.890625,-1.25,2
5f319b52e71f4c38d22be14e,-15.859375,1.171875,-0.9375,2
5f319b52e71f4c38d22be14f,-16,1.578125,-0.8125,2
5f319b52e71f4c38d22be150,-15.984375,1.59375,-0.953125,2
5f319b52e71f4c38d22be151,-16.046875,1.921875,-0.9375,2
5f319b52e71f4c38d22be152,-15.96875,1.703125,-0.671875,2
5f319b52e71f4c38d22be153,-15.9375,1.765625,-0.765625,2
5f319b52e71f4c38d22be154,-16,1.96875,-0.8125,2
5f319b52e71f4c38d22be155,-16.109375,1.71875,-1.015625,2
5f319b52e71f4c38d22be156,-15.8125,2.078125,-0.8125,2
5f319b53e71f4c38d22be157,-15.9375,1.8125,-1.109375,2
5f319b53e71f4c38d22be158,-15.921875,2.046875,-0.6875,2
5f319b53e71f4c38d22be159,-15.984375,1.84375,-0.734375,2
5f319b53e71f4c38d22be15a,-16.015625,1.84375,-0.78125,2
5f319b53e71f4c38d22be15b,-15.84375,1.78125,-0.796875,2
5f319b53e71f4c38d22be15c,-16.078125,2,-0.984375,2
5f319b53e71f4c38d22be15d,-15.875,1.921875,-0.859375,2
5f319b53e71f4c38d22be15e,-15.9375,2.015625,-0.609375,2
5f319b53e71f4c38d22be15f,-15.875,2.015625,-0.40625,2
5f319b53e71f4c38d22be160,-15.640625,1.5,-0.484375,2
5f319b53e71f4c38d22be161,-16.015625,1.796875,-0.953125,2
5f319b53e71f4c38d22be162,-15.859375,2.171875,-0.734375,2
5f319b53e71f4c38d22be163,-15.75,1.984375,-0.703125,2
5f319b53e71f4c38d22be164,-15.84375,1.90625,-0.46875,2
5f319b53e71f4c38d22be165,-15.96875,1.78125,-0.625,2
5f319b53e71f4c38d22be166,-15.71875,1.953125,-0.78125,2
5f319b54e71f4c38d22be167,-15.84375,1.921875,-0.59375,2
5f319b54e71f4c38d22be168,-16.203125,2.078125,-0.515625,2
5f319b54e71f4c38d22be169,-15.890625,1.703125,-0.703125,2
5f319b60e71f4c38d22be16a,-15.8125,1,-2.21875,1
5f319b60e71f4c38d22be16b,-16.75,0.1875,0.421875,1
5f319b60e71f4c38d22be16c,-15.46875,0.78125,-2.84375,1
5f319b60e71f4c38d22be16d,-16.015625,1.5,-2.921875,1
5f319b60e71f4c38d22be16e,-15.015625,-0.28125,-3.734375,1
5f319b60e71f4c38d22be16f,-15.6875,0.546875,-2.46875,1
5f319b60e71f4c38d22be170,-17.03125,1.421875,-1.140625,1
5f319b60e71f4c38d22be171,-16.421875,0.328125,-0.8125,1
5f319b60e71f4c38d22be172,-24.734375,-1.765625,4.40625,1
5f319b60e71f4c38d22be173,-19.34375,5.421875,2.734375,1
5f319b61e71f4c38d22be175,-16.703125,2.375,-8.4375,1
5f319b61e71f4c38d22be174,-21.03125,5.828125,-8.1875,1
5f319b61e71f4c38d22be176,-16.1875,2.140625,-6.953125,1
5f319b61e71f4c38d22be177,-15.265625,1.453125,-5.578125,1
5f319b61e71f4c38d22be178,-10.328125,2.328125,-5.3125,1
5f319b61e71f4c38d22be179,-7.234375,1.34375,0.609375,1
5f319b61e71f4c38d22be17a,-18.625,-4.203125,10.484375,1
5f319b61e71f4c38d22be17b,-16.03125,5.71875,10.265625,1
5f319b61e71f4c38d22be17c,-11.03125,1.84375,-6.484375,1
5f319b61e71f4c38d22be17d,-11.046875,-9.28125,-2.671875,1
5f319b61e71f4c38d22be17e,-13.40625,7.296875,-5.140625,1
5f319b61e71f4c38d22be180,-15.53125,-1.984375,-2.9375,1
5f319b61e71f4c38d22be17f,-16.890625,-6.0625,-3.3125,1
5f319b61e71f4c38d22be181,-15.609375,0.109375,-2.671875,1
5f319b61e71f4c38d22be182,-15.3125,1.28125,-0.203125,1
5f319b62e71f4c38d22be183,-16.90625,-0.75,-0.734375,1
5f319b62e71f4c38d22be184,-16.328125,0.125,0.40625,1
5f319b62e71f4c38d22be185,-15.8125,1.390625,-3.03125,1
5f319b62e71f4c38d22be186,-19.703125,-0.640625,2.421875,1
5f319b62e71f4c38d22be187,-23.109375,-0.25,6.03125,1
5f319b62e71f4c38d22be188,-16.34375,8.015625,-0.703125,1
5f319b62e71f4c38d22be189,-22.578125,1.3125,-7.390625,1
5f319b62e71f4c38d22be18a,-15.734375,0.21875,-8.328125,1
5f319b62e71f4c38d22be18c,-13.109375,2.125,-8.40625,1
5f319b62e71f4c38d22be18b,-15.578125,0.0625,-7.28125,1
5f319b62e71f4c38d22be18d,-8.28125,4.625,-4.15625,1
5f319b62e71f4c38d22be18e,-14.140625,0.078125,5.390625,1
5f319b62e71f4c38d22be18f,-18.453125,4.65625,14.46875,1
5f319b62e71f4c38d22be190,-11.40625,7.28125,-0.15625,1
5f319b62e71f4c38d22be191,-9.203125,7.6875,9.796875,1
5f319b63e71f4c38d22be192,-15.015625,3.96875,-7.171875,1
5f319b63e71f4c38d22be193,-17.78125,-4.09375,-5.6875,1
5f319b63e71f4c38d22be194,-16.09375,0.734375,-1.34375,1
5f319b63e71f4c38d22be195,-15.78125,-1.21875,-0.140625,1
5f319b63e71f4c38d22be196,-16.59375,1.296875,0.46875,1
5f319b63e71f4c38d22be197,-14.6875,1.296875,-1.515625,1
5f319b63e71f4c38d22be198,-16.421875,-2.234375,2.515625,1
5f319b63e71f4c38d22be199,-17.4375,0.859375,6.6875,1
5f319b63e71f4c38d22be19a,-16.8125,-0.171875,4.453125,1
5f319b63e71f4c38d22be19b,-21.078125,4.53125,2.78125,1
5f319b63e71f4c38d22be19c,-19.203125,0,-11,1
5f319b63e71f4c38d22be19d,-18.59375,-8.09375,-8.4375,1
5f319b63e71f4c38d22be19e,-14.9375,-0.921875,-8.40625,1
5f319b63e71f4c38d22be19f,-13.578125,-0.796875,-10.03125,1
5f319b63e71f4c38d22be1a0,-10.890625,4.09375,-9.25,1
5f319b63e71f4c38d22be1a1,-16.28125,8.5,0.96875,1
5f319b64e71f4c38d22be1a2,-20.15625,-3.796875,8.46875,1
5f319b64e71f4c38d22be1a3,-9.734375,13.78125,1.875,1
5f319b64e71f4c38d22be1a4,-18.6875,12.546875,-8.234375,1
5f319b64e71f4c38d22be1a5,-14.21875,-6.515625,-3.375,1
5f319b64e71f4c38d22be1a6,-16.21875,1.0625,-1.3125,1
5f319b64e71f4c38d22be1a7,-15.96875,2.796875,1.46875,1
5f319b64e71f4c38d22be1a8,-16.078125,-1.484375,-2.984375,1
5f319b64e71f4c38d22be1a9,-14.75,2.9375,-2.953125,1
5f319b64e71f4c38d22be1aa,-15.90625,2.9375,-0.03125,1
5f319b64e71f4c38d22be1ab,-16.875,0.296875,-0.46875,1
5f319b64e71f4c38d22be1ac,-17.203125,0,-0.84375,1
5f319b64e71f4c38d22be1ad,-20.984375,2.140625,6.609375,1
5f319b64e71f4c38d22be1ae,-16.296875,2.5,2.640625,1
5f319b64e71f4c38d22be1af,-19.046875,-4.578125,-1.75,1
5f319b64e71f4c38d22be1b0,-17.9375,-6.828125,-7.9375,1
5f319b65e71f4c38d22be1b1,-17.640625,7.046875,-4.796875,1
5f319b65e71f4c38d22be1b2,-14.75,8.4375,-5.203125,1
5f319b65e71f4c38d22be1b3,-10.625,6.09375,-4.859375,1
5f319b65e71f4c38d22be1b4,-6.75,6.203125,-0.15625,1
5f319b65e71f4c38d22be1b5,-21.109375,-1.640625,12.828125,1
5f319b65e71f4c38d22be1b6,-14.140625,13.3125,8.6875,1
5f319b65e71f4c38d22be1b7,-17.578125,-3.625,4.46875,1
5f319b65e71f4c38d22be1b8,-10.6875,-3.921875,-8.890625,1
5f319b65e71f4c38d22be1b9,-15.3125,7.671875,-3.171875,1
5f319b65e71f4c38d22be1ba,-16.84375,-4.71875,-2.75,1
5f319b65e71f4c38d22be1bb,-16.0625,-1.359375,-0.96875,1
5f319b65e71f4c38d22be1bc,-16.125,0.28125,-1.15625,1
5f319b65e71f4c38d22be1bd,-16.078125,0.53125,0.3125,1
5f319b65e71f4c38d22be1be,-15.875,-0.328125,-4.15625,1
5f319b65e71f4c38d22be1bf,-15.109375,1.234375,-1.78125,1
5f319b65e71f4c38d22be1c0,-16.0625,0.4375,-2.21875,1
5f319b66e71f4c38d22be1c1,-18.109375,0.546875,-3.53125,1
5f319b66e71f4c38d22be1c2,-15.78125,0.046875,-1.921875,1
5f319b66e71f4c38d22be1c3,-21.28125,-2.25,5.59375,1
5f319b66e71f4c38d22be1c4,-19.1875,5.15625,5.15625,1
5f319b66e71f4c38d22be1c5,-22.21875,5.28125,-8.515625,1
5f319b66e71f4c38d22be1c6,-18.359375,-0.125,-9.3125,1
5f319b66e71f4c38d22be1c7,-15.40625,2.4375,-8.125,1
5f319b66e71f4c38d22be1c8,-13.640625,0.90625,-7.828125,1
5f319b66e71f4c38d22be1c9,-9.640625,4.03125,-6.3125,1
5f319b66e71f4c38d22be1ca,-7.125,2.609375,1.34375,1
5f319b66e71f4c38d22be1cb,-17.734375,2.890625,13.53125,1
5f319b66e71f4c38d22be1cc,-12,4.796875,6.1875,1
5f319b66e71f4c38d22be1cd,-22.484375,-0.765625,1.109375,1
5f319b66e71f4c38d22be1ce,-9.609375,-2.484375,-3.890625,1
5f319b66e71f4c38d22be1cf,-13.1875,7.046875,-4.953125,1
5f319b67e71f4c38d22be1d0,-15.953125,-4.546875,-3.03125,1
5f319b67e71f4c38d22be1d1,-15,-2.234375,-1.421875,1
5f319b67e71f4c38d22be1d2,-16.21875,0.359375,-1.59375,1
5f319b67e71f4c38d22be1d4,-17.546875,0.40625,-2.71875,1
5f319b67e71f4c38d22be1d3,-15.515625,0.96875,-0.84375,1
5f319b67e71f4c38d22be1d5,-14.546875,1.078125,-2.71875,1
5f319b67e71f4c38d22be1d6,-16.59375,-0.984375,-3.203125,1
5f319b67e71f4c38d22be1d7,-15.71875,0.25,-0.625,1
5f319b67e71f4c38d22be1d8,-21.71875,0.765625,3.703125,1
5f319b67e71f4c38d22be1d9,-19.296875,1.109375,4.5,1
5f319b67e71f4c38d22be1da,-21.328125,9.9375,-9.40625,1
5f319b67e71f4c38d22be1db,-18.28125,-1.390625,-8.734375,1
5f319b67e71f4c38d22be1dc,-16,5.78125,-6.84375,1
5f319b67e71f4c38d22be1dd,-13.28125,-0.5,-6.296875,1
5f319b67e71f4c38d22be1de,-9.5,4.671875,-5.078125,1
5f319b68e71f4c38d22be1df,-6.5,1.0625,1.203125,1
5f319b68e71f4c38d22be1e0,-18.171875,1.21875,11.234375,1
5f319b68e71f4c38d22be1e1,-12.921875,3.625,7.734375,1
5f319b68e71f4c38d22be1e2,-27.140625,0.296875,11.75,1
5f319b6ee71f4c38d22be1e3,-2.046875,-3.390625,15.15625,0
5f319b6ee71f4c38d22be1e4,-2.3125,-3.65625,15.109375,0
5f319b6ee71f4c38d22be1e5,-2.328125,-3.546875,15.25,0
5f319b6ee71f4c38d22be1e6,-2.390625,-3.359375,15.140625,0
5f319b6ee71f4c38d22be1e7,-2.234375,-3.234375,15.203125,0
5f319b6ee71f4c38d22be1e8,-2.390625,-3.34375,15.140625,0
5f319b6ee71f4c38d22be1e9,-2.328125,-3.46875,15.25,0
5f319b6ee71f4c38d22be1ea,-2.3125,-3.5,15.296875,0
5f319b6ee71f4c38d22be1ec,-2.203125,-3.5625,15.09375,0
5f319b6ee71f4c38d22be1eb,-2.296875,-3.46875,15.25,0
5f319b6ee71f4c38d22be1ed,-2.1875,-3.5625,15.34375,0
5f319b6ee71f4c38d22be1ee,-2.34375,-3.5625,15.09375,0
5f319b6ee71f4c38d22be1ef,-2.328125,-3.359375,15.078125,0
5f319b6ee71f4c38d22be1f0,-2.265625,-3.25,15.09375,0
5f319b6fe71f4c38d22be1f1,-2.328125,-3.28125,15.28125,0
5f319b6fe71f4c38d22be1f2,-2.34375,-3.453125,15.140625,0
5f319b6fe71f4c38d22be1f3,-2.375,-3.546875,15.234375,0
5f319b6fe71f4c38d22be1f4,-2.265625,-3.640625,15.140625,0
5f319b6fe71f4c38d22be1f6,-2.296875,-3.25,15.046875,0
5f319b6fe71f4c38d22be1f5,-2.3125,-3.46875,15.21875,0
5f319b6fe71f4c38d22be1f7,-2.140625,-3.296875,15.09375,0
5f319b6fe71f4c38d22be1f8,-2.265625,-3.421875,15.171875,0
5f319b6fe71f4c38d22be1f9,-2.1875,-3.484375,15.078125,0
5f319b6fe71f4c38d22be1fa,-2.25,-3.375,14.96875,0
5f319b6fe71f4c38d22be1fb,-2.25,-3.40625,15.046875,0
5f319b6fe71f4c38d22be1fc,-2.296875,-3.171875,15.484375,0
5f319b6fe71f4c38d22be1fd,-2.109375,-3.484375,15.21875,0
5f319b6fe71f4c38d22be1fe,-2.265625,-3.5,15.125,0
5f319b6fe71f4c38d22be1ff,-2.375,-3.375,15.25,0
5f319b70e71f4c38d22be200,-2.25,-3.3125,15.296875,0
5f319b70e71f4c38d22be202,-2.234375,-3.171875,15.140625,0
5f319b70e71f4c38d22be204,-2.109375,-3.1875,15.171875,0
5f319b70e71f4c38d22be205,-2.265625,-3.546875,15.265625,0
5f319b70e71f4c38d22be206,-2.4375,-3.6875,15.09375,0
5f319b70e71f4c38d22be201,-2.09375,-3.28125,15.296875,0
5f319b70e71f4c38d22be207,-2.3125,-3.546875,15.28125,0
5f319b70e71f4c38d22be209,-2.171875,-3.4375,15.125,0
5f319b70e71f4c38d22be208,-2.1875,-3.453125,15.125,0
5f319b70e71f4c38d22be203,-2.125,-2.9375,15.3125,0
5f319b70e71f4c38d22be20a,-2.1875,-3.140625,15.171875,0
5f319b70e71f4c38d22be20b,-2.484375,-3.265625,15.359375,0
5f319b70e71f4c38d22be20c,-2.328125,-3.375,14.921875,0
5f319b70e71f4c38d22be20e,-2.265625,-3.015625,15.140625,0
5f319b70e71f4c38d22be20d,-2.265625,-3.328125,15.203125,0
5f319b71e71f4c38d22be210,-2.40625,-3.359375,14.984375,0
5f319b71e71f4c38d22be211,-2.078125,-3.421875,15.28125,0
5f319b71e71f4c38d22be212,-2.125,-3.453125,15.25,0
5f319b71e71f4c38d22be213,-2.515625,-3.5625,15.375,0
5f319b71e71f4c38d22be214,-2.359375,-3.578125,15.25,0
5f319b71e71f4c38d22be215,-2.3125,-3.375,15.171875,0
5f319b70e71f4c38d22be20f,-2.265625,-3.171875,15.234375,0
5f319b71e71f4c38d22be216,-2.3125,-3.28125,15.1875,0
5f319b71e71f4c38d22be217,-2.265625,-3.40625,15.015625,0
5f319b71e71f4c38d22be218,-2.1875,-3.46875,15.25,0
5f319b71e71f4c38d22be21a,-2.34375,-3.328125,15.28125,0
5f319b71e71f4c38d22be219,-2.234375,-3.53125,15.109375,0
5f319b71e71f4c38d22be21c,-2.3125,-3.515625,15.078125,0
5f319b71e71f4c38d22be21b,-2.1875,-3.453125,15.328125,0
5f319b71e71f4c38d22be21d,-2.265625,-3.515625,15.21875,0
5f319b71e71f4c38d22be21e,-2.359375,-3.484375,15.296875,0
5f319b72e71f4c38d22be21f,-2.25,-3.328125,15.140625,0
5f319b72e71f4c38d22be220,-2.3125,-3.421875,15.140625,0
5f319b72e71f4c38d22be221,-2.1875,-3.390625,15.328125,0
5f319b72e71f4c38d22be222,-2.140625,-3.5,15.296875,0
5f319b72e71f4c38d22be223,-2.4375,-3.40625,15.15625,0
5f319b72e71f4c38d22be225,-2.015625,-3.46875,15,0
5f319b72e71f4c38d22be224,-2.421875,-3.40625,15.078125,0
5f319b72e71f4c38d22be226,-2.40625,-3.546875,14.96875,0
5f319b72e71f4c38d22be227,-2.21875,-3.1875,15,0
5f319b72e71f4c38d22be228,-2.296875,-3.53125,15.046875,0
5f319b72e71f4c38d22be22a,-2.0625,-3.21875,15.3125,0
5f319b72e71f4c38d22be229,-2.1875,-3.28125,15.125,0
5f319b72e71f4c38d22be22b,-2.28125,-3.46875,15.09375,0
5f319b72e71f4c38d22be22c,-2.40625,-3.59375,14.96875,0
5f319b73e71f4c38d22be22d,-2.296875,-3.4375,15.15625,0
5f319b73e71f4c38d22be22f,-2.234375,-3.296875,15.140625,0
5f319b73e71f4c38d22be22e,-2.453125,-3.65625,15.078125,0
5f319b73e71f4c38d22be230,-2.359375,-3.359375,15.3125,0
5f319b73e71f4c38d22be232,-2.171875,-3.359375,15.109375,0
5f319b73e71f4c38d22be231,-2.265625,-3.421875,15.15625,0
5f319b73e71f4c38d22be233,-2.203125,-3.375,15.21875,0
5f319b73e71f4c38d22be234,-2.265625,-3.625,15.1875,0
5f319b73e71f4c38d22be235,-2.234375,-3.484375,14.953125,0
5f319b73e71f4c38d22be236,-2.21875,-3.390625,15.140625,0
5f319b73e71f4c38d22be237,-2.328125,-3.515625,15.21875,0
5f319b73e71f4c38d22be238,-2.265625,-3.5625,15.390625,0
5f319b73e71f4c38d22be239,-2.1875,-3.375,15.140625,0
5f319b73e71f4c38d22be23a,-2.296875,-3.34375,15.078125,0
5f319b73e71f4c38d22be23b,-2.25,-3.3125,14.984375,0
5f319b73e71f4c38d22be23c,-2.171875,-3.265625,15.25,0
5f319b73e71f4c38d22be23d,-2.328125,-3.53125,15.265625,0
5f319b74e71f4c38d22be23e,-2.21875,-3.390625,15.4375,0
5f319b74e71f4c38d22be23f,-2.234375,-3.390625,15.375,0
5f319b74e71f4c38d22be240,-2.40625,-3.421875,14.859375,0
5f319b74e71f4c38d22be241,-2.234375,-3.328125,15.25,0
5f319b74e71f4c38d22be242,-2.296875,-3.390625,15.109375,0
5f319b74e71f4c38d22be243,-2.265625,-3.46875,15.125,0
5f319b74e71f4c38d22be245,-2.265625,-3.53125,15.125,0
5f319b74e71f4c38d22be247,-2.265625,-3.53125,15.09375,0
5f319b74e71f4c38d22be246,-2.21875,-3.4375,15.03125,0
5f319b74e71f4c38d22be248,-2.265625,-3.390625,15.171875,0
5f319b74e71f4c38d22be244,-2.0625,-3.484375,15.140625,0
5f319b74e71f4c38d22be249,-2.21875,-3.5,14.96875,0
5f319b74e71f4c38d22be24a,-2.1875,-3.421875,15.09375,0
5f319b74e71f4c38d22be24c,-2.34375,-3.53125,15.375,0
5f319b75e71f4c38d22be24d,-2.296875,-3.53125,15.328125,0
5f319b75e71f4c38d22be24e,-2.1875,-3.40625,15.109375,0
5f319b75e71f4c38d22be24f,-2.1875,-3.46875,15.203125,0
5f319b75e71f4c38d22be250,-2.296875,-3.5625,15.046875,0
5f319b74e71f4c38d22be24b,-2.09375,-3.3125,15.15625,0
5f319b75e71f4c38d22be251,-2.25,-3.453125,15.390625,0
5f319b75e71f4c38d22be252,-2.15625,-3.578125,15.15625,0
5f319b75e71f4c38d22be253,-2.125,-3.46875,15.171875,0
5f319b7fe71f4c38d22be254,-15.25,1.859375,-4.875,2
5f319b7fe71f4c38d22be255,-15.765625,2.125,-4.828125,2
5f319b7fe71f4c38d22be256,-15.203125,2.046875,-4.75,2
5f319b7fe71f4c38d22be257,-15.53125,2.125,-5.0625,2
5f319b7fe71f4c38d22be258,-15.484375,1.71875,-4.75,2
5f319b7fe71f4c38d22be259,-15.796875,1.890625,-4.59375,2
5f319b7fe71f4c38d22be25a,-15.765625,1.625,-3.671875,2
5f319b7fe71f4c38d22be25b,-15.21875,2.140625,-3.640625,2
5f319b7fe71f4c38d22be25c,-16.453125,1.6875,-2.71875,2
5f319b7fe71f4c38d22be25d,-15.515625,2.203125,-3.40625,2
5f319b7fe71f4c38d22be25e,-15.59375,2.109375,-3.25,2
5f319b7fe71f4c38d22be260,-15.640625,2.28125,-2.953125,2
5f319b7fe71f4c38d22be25f,-15.734375,2.234375,-3.546875,2
5f319b7fe71f4c38d22be261,-15.71875,1.625,-2.9375,2
5f319b7fe71f4c38d22be262,-15.75,2.09375,-2.8125,2
5f319b80e71f4c38d22be263,-15.90625,1.921875,-2.96875,2
5f319b80e71f4c38d22be264,-15.78125,1.953125,-2.71875,2
5f319b80e71f4c38d22be265,-15.765625,1.84375,-2.765625,2
5f319b80e71f4c38d22be266,-15.71875,2.078125,-3.15625,2
5f319b80e71f4c38d22be267,-15.765625,1.9375,-3.078125,2
5f319b80e71f4c38d22be268,-15.59375,1.859375,-3.359375,2
5f319b80e71f4c38d22be269,-15.71875,1.953125,-3.078125,2
5f319b80e71f4c38d22be26a,-15.53125,1.90625,-3.015625,2
5f319b80e71f4c38d22be26b,-15.765625,1.75,-3.03125,2
5f319b80e71f4c38d22be26c,-15.765625,2.1875,-2.796875,2
5f319b80e71f4c38d22be26e,-15.859375,1.640625,-2.609375,2
5f319b80e71f4c38d22be26d,-15.53125,1.8125,-3.25,2
5f319b80e71f4c38d22be26f,-15.359375,2.328125,-4.15625,2
5f319b80e71f4c38d22be270,-15.6875,1.796875,-2.8125,2
5f319b80e71f4c38d22be271,-15.640625,1.671875,-2.40625,2
5f319b80e71f4c38d22be272,-15.546875,2.25,-3.375,2
5f319b81e71f4c38d22be273,-15.640625,1.609375,-3.53125,2
5f319b81e71f4c38d22be274,-15.765625,1.609375,-3.296875,2
5f319b81e71f4c38d22be275,-15.609375,1.875,-2.984375,2
5f319b81e71f4c38d22be276,-15.59375,2.0625,-3.296875,2
5f319b81e71f4c38d22be278,-15.734375,1.734375,-3.015625,2
5f319b81e71f4c38d22be277,-15.8125,1.859375,-2.984375,2
5f319b81e71f4c38d22be279,-15.765625,1.6875,-3.1875,2
5f319b81e71f4c38d22be27a,-15.53125,2.078125,-3.59375,2
5f319b81e71f4c38d22be27b,-15.75,1.703125,-3.3125,2
5f319b81e71f4c38d22be27c,-15.734375,1.671875,-2.921875,2
5f319b81e71f4c38d22be27e,-15.609375,1.734375,-3.1875,2
5f319b81e71f4c38d22be27d,-15.78125,1.84375,-3.453125,2
5f319b81e71f4c38d22be27f,-15.53125,2.125,-3.890625,2
5f319b81e71f4c38d22be280,-15.59375,2.140625,-3.875,2
5f319b81e71f4c38d22be281,-15.546875,1.796875,-3.234375,2
5f319b82e71f4c38d22be282,-15.6875,1.859375,-3.15625,2
5f319b82e71f4c38d22be283,-15.484375,2.203125,-3.546875,2
5f319b82e71f4c38d22be284,-15.53125,2.171875,-3.484375,2
5f319b82e71f4c38d22be285,-15.546875,1.890625,-3.328125,2
5f319b82e71f4c38d22be286,-15.5,1.859375,-3.265625,2
5f319b82e71f4c38d22be287,-15.71875,1.84375,-3.328125,2
5f319b82e71f4c38d22be288,-15.796875,1.9375,-3.28125,2
5f319b82e71f4c38d22be289,-15.5625,2,-3.46875,2
5f319b82e71f4c38d22be28a,-15.8125,1.921875,-3.28125,2
5f319b82e71f4c38d22be28b,-15.734375,1.65625,-3.328125,2
5f319b82e71f4c38d22be28c,-15.703125,1.953125,-3.359375,2
5f319b82e71f4c38d22be28d,-15.5625,2.234375,-3.515625,2
5f319b82e71f4c38d22be28e,-15.484375,2.09375,-3.796875,2
5f319b82e71f4c38d22be290,-15.796875,1.71875,-3.34375,2
5f319b82e71f4c38d22be28f,-15.65625,1.859375,-3.625,2
5f319b83e71f4c38d22be291,-15.546875,2.015625,-3.328125,2
5f319b83e71f4c38d22be292,-15.53125,2.125,-3.71875,2
5f319b83e71f4c38d22be293,-15.53125,1.84375,-3.484375,2
5f319b83e71f4c38d22be294,-15.625,1.84375,-3.5625,2
5f319b83e71f4c38d22be295,-15.328125,1.890625,-3.890625,2
5f319b83e71f4c38d22be296,-15.578125,2.125,-3.40625,2
5f319b83e71f4c38d22be297,-15.78125,1.90625,-3.515625,2
5f319b83e71f4c38d22be298,-15.609375,1.8125,-3.15625,2
5f319b83e71f4c38d22be299,-15.78125,1.953125,-3.578125,2
5f319b83e71f4c38d22be29a,-15.53125,2.078125,-3.46875,2
5f319b83e71f4c38d22be29b,-15.59375,1.84375,-3.453125,2
5f319b83e71f4c38d22be29c,-15.625,1.859375,-3.359375,2
5f319b83e71f4c38d22be29d,-15.59375,1.828125,-3.5,2
5f319b83e71f4c38d22be29e,-15.5,2.078125,-3.34375,2
5f319b83e71f4c38d22be29f,-15.625,2.09375,-3.78125,2
5f319b83e71f4c38d22be2a0,-15.75,1.71875,-3.703125,2
5f319b84e71f4c38d22be2a1,-15.609375,1.953125,-3.625,2
5f319b84e71f4c38d22be2a2,-15.703125,1.9375,-3.1875,2
5f319b84e71f4c38d22be2a3,-15.546875,1.875,-3.4375,2
5f319b84e71f4c38d22be2a4,-15.578125,2.15625,-3.515625,2
5f319b84e71f4c38d22be2a5,-15.65625,1.796875,-3.765625,2
5f319b84e71f4c38d22be2a6,-15.78125,2.09375,-3.46875,2
5f319b84e71f4c38d22be2a7,-15.640625,1.828125,-3.484375,2
5f319b84e71f4c38d22be2a8,-15.578125,2,-3.734375,2
5f319b84e71f4c38d22be2a9,-15.6875,1.875,-3.59375,2
5f319b84e71f4c38d22be2aa,-15.65625,1.734375,-3.421875,2
5f319b84e71f4c38d22be2ab,-15.734375,1.875,-3.265625,2
5f319b84e71f4c38d22be2ac,-15.59375,1.90625,-3.484375,2
5f319b84e71f4c38d22be2ad,-15.75,2.046875,-3.71875,2
5f319b84e71f4c38d22be2ae,-15.59375,2.03125,-3.734375,2
5f319b84e71f4c38d22be2af,-15.75,1.75,-3.453125,2
5f319b85e71f4c38d22be2b0,-15.65625,1.953125,-3.4375,2
5f319b85e71f4c38d22be2b1,-15.4375,1.953125,-3.34375,2
5f319b85e71f4c38d22be2b2,-15.4375,1.921875,-3.859375,2
5f319b85e71f4c38d22be2b3,-15.4375,1.90625,-3.609375,2
5f319b85e71f4c38d22be2b4,-15.65625,2.015625,-3.96875,2
5f319b85e71f4c38d22be2b5,-15.609375,1.984375,-3.84375,2
5f319b85e71f4c38d22be2b6,-15.53125,2.15625,-3.609375,2
5f319b85e71f4c38d22be2b7,-15.53125,1.859375,-3.9375,2
5f319b85e71f4c38d22be2b8,-15.703125,1.921875,-3.75,2
5f319b85e71f4c38d22be2b9,-15.75,1.96875,-3.625,2
5f319b85e71f4c38d22be2ba,-15.484375,1.921875,-3.734375,2
5f319b85e71f4c38d22be2bb,-15.546875,1.890625,-3.59375,2
5f319b85e71f4c38d22be2bc,-15.46875,1.890625,-4.09375,2
5f319b85e71f4c38d22be2bd,-15.328125,1.953125,-3.890625,2